{
    "mean": [
        71.6674,
        2772.75014,
        50.012679999999996,
        87.56356,
        52.477340000000005,
        25.062620000000003
    ],
    "std": [
        46.091059233217884,
        1445.5754047866133,
        28.97480628438437,
        10.078852321886654,
        27.50366223840745,
        8.67005540556691
    ],
    "classes": [
        "SLOW",
        "NORMAL",
        "AGGRESSIVE"
    ]
}